-- phpMyAdmin SQL Dump
-- version 4.7.4
-- https://www.phpmyadmin.net/
--
-- Host: 127.0.0.1
-- Generation Time: 29 Nov 2019 pada 03.02
-- Versi Server: 10.1.28-MariaDB
-- PHP Version: 7.1.10

SET SQL_MODE = "NO_AUTO_VALUE_ON_ZERO";
SET AUTOCOMMIT = 0;
START TRANSACTION;
SET time_zone = "+00:00";


/*!40101 SET @OLD_CHARACTER_SET_CLIENT=@@CHARACTER_SET_CLIENT */;
/*!40101 SET @OLD_CHARACTER_SET_RESULTS=@@CHARACTER_SET_RESULTS */;
/*!40101 SET @OLD_COLLATION_CONNECTION=@@COLLATION_CONNECTION */;
/*!40101 SET NAMES utf8mb4 */;

--
-- Database: `pkk`
--

-- --------------------------------------------------------

--
-- Struktur dari tabel `barang`
--

CREATE TABLE `barang` (
  `id_barang` int(11) NOT NULL,
  `nama_barang` varchar(30) NOT NULL,
  `keterangan` varchar(30) NOT NULL,
  `stok` int(11) NOT NULL,
  `id_kategori` int(11) NOT NULL,
  `gambar` varchar(50) NOT NULL
) ENGINE=InnoDB DEFAULT CHARSET=latin1;

-- --------------------------------------------------------

--
-- Struktur dari tabel `cart`
--

CREATE TABLE `cart` (
  `id_cart` int(11) NOT NULL,
  `id_produk` int(11) NOT NULL,
  `jumlah` int(11) NOT NULL
) ENGINE=InnoDB DEFAULT CHARSET=latin1;

-- --------------------------------------------------------

--
-- Struktur dari tabel `histori`
--

CREATE TABLE `histori` (
  `id_histori` int(11) NOT NULL,
  `id_transaksi` int(11) NOT NULL,
  `jumlah` int(11) NOT NULL
) ENGINE=InnoDB DEFAULT CHARSET=latin1;

-- --------------------------------------------------------

--
-- Struktur dari tabel `kategori`
--

CREATE TABLE `kategori` (
  `id_kategori` int(11) NOT NULL,
  `nama_kategori` varchar(30) NOT NULL
) ENGINE=InnoDB DEFAULT CHARSET=latin1;

--
-- Dumping data untuk tabel `kategori`
--

INSERT INTO `kategori` (`id_kategori`, `nama_kategori`) VALUES
(1, 'makanan'),
(2, 'pakaian'),
(3, 'kecantikan'),
(4, 'alat tulis');

-- --------------------------------------------------------

--
-- Struktur dari tabel `level`
--

CREATE TABLE `level` (
  `id_level` int(11) NOT NULL,
  `nama_level` varchar(30) NOT NULL
) ENGINE=InnoDB DEFAULT CHARSET=latin1;

--
-- Dumping data untuk tabel `level`
--

INSERT INTO `level` (`id_level`, `nama_level`) VALUES
(1, 'admin'),
(2, 'pembeli'),
(3, 'penjual');

-- --------------------------------------------------------

--
-- Struktur dari tabel `produk`
--

CREATE TABLE `produk` (
  `id_produk` int(11) NOT NULL,
  `nama_produk` varchar(100) NOT NULL,
  `stok` int(255) NOT NULL,
  `harga` int(11) NOT NULL,
  `deskripsi` text NOT NULL,
  `gambar` varchar(255) NOT NULL,
  `id_kategori` int(11) NOT NULL,
  `id_user` int(11) NOT NULL
) ENGINE=InnoDB DEFAULT CHARSET=latin1;

--
-- Dumping data untuk tabel `produk`
--

INSERT INTO `produk` (`id_produk`, `nama_produk`, `stok`, `harga`, `deskripsi`, `gambar`, `id_kategori`, `id_user`) VALUES
(12, 'Jilbab', 12, 35000, 'Bahan semi katun, tidak panas', 'TSS-13.png', 2, 2),
(13, 'masker maomo', 33, 15000, 'masker organik', 'TSS-111.png', 3, 2),
(15, 'bedak tabur', 5, 21000, 'lembut', 'TSS-21.png', 3, 2),
(16, 'Fanta', 7, 5000, 'rasa troberi', 'TSS-28.png', 1, 2),
(17, 'snack kentang', 10, 3000, 'renyah', 'TSS-25.png', 1, 2),
(18, 'tttt', 3, 12000, 'tinta tidak mudah blobor', 'TSS-321.png', 4, 1),
(19, 'Bolpen Hitam', 12, 2000, 'tinta hitam', 'TSS-311.png', 4, 3),
(20, 'Lip Tint', 3, 23000, 'color: red, orange', 'TSS-232.png', 3, 2);

-- --------------------------------------------------------

--
-- Struktur dari tabel `transaksi`
--

CREATE TABLE `transaksi` (
  `id_transaksi` int(11) NOT NULL,
  `id_barang` int(11) NOT NULL,
  `tangal` datetime NOT NULL,
  `nama_pembeli` varchar(30) NOT NULL,
  `id_admin` int(11) NOT NULL
) ENGINE=InnoDB DEFAULT CHARSET=latin1;

-- --------------------------------------------------------

--
-- Struktur dari tabel `user`
--

CREATE TABLE `user` (
  `id_user` int(11) NOT NULL,
  `email` varchar(100) NOT NULL,
  `password` varchar(20) NOT NULL,
  `nama` varchar(30) NOT NULL,
  `id_level` int(11) NOT NULL
) ENGINE=InnoDB DEFAULT CHARSET=latin1;

--
-- Dumping data untuk tabel `user`
--

INSERT INTO `user` (`id_user`, `email`, `password`, `nama`, `id_level`) VALUES
(1, 'firda', '123firda', 'firda', 2),
(2, 'rizal', '123rizal', 'rizal', 3),
(3, 'nabil', '123', 'nabil', 1);

--
-- Indexes for dumped tables
--

--
-- Indexes for table `barang`
--
ALTER TABLE `barang`
  ADD PRIMARY KEY (`id_barang`),
  ADD KEY `id_kategori` (`id_kategori`);

--
-- Indexes for table `cart`
--
ALTER TABLE `cart`
  ADD PRIMARY KEY (`id_cart`),
  ADD KEY `id_produk` (`id_produk`);

--
-- Indexes for table `histori`
--
ALTER TABLE `histori`
  ADD PRIMARY KEY (`id_histori`),
  ADD KEY `id_transaksi` (`id_transaksi`);

--
-- Indexes for table `kategori`
--
ALTER TABLE `kategori`
  ADD PRIMARY KEY (`id_kategori`);

--
-- Indexes for table `level`
--
ALTER TABLE `level`
  ADD PRIMARY KEY (`id_level`);

--
-- Indexes for table `produk`
--
ALTER TABLE `produk`
  ADD PRIMARY KEY (`id_produk`),
  ADD KEY `id_kategori` (`id_kategori`),
  ADD KEY `id_user` (`id_user`);

--
-- Indexes for table `transaksi`
--
ALTER TABLE `transaksi`
  ADD PRIMARY KEY (`id_transaksi`),
  ADD KEY `id_barang` (`id_barang`),
  ADD KEY `id_admin` (`id_admin`);

--
-- Indexes for table `user`
--
ALTER TABLE `user`
  ADD PRIMARY KEY (`id_user`),
  ADD KEY `id_level` (`id_level`);

--
-- AUTO_INCREMENT for dumped tables
--

--
-- AUTO_INCREMENT for table `barang`
--
ALTER TABLE `barang`
  MODIFY `id_barang` int(11) NOT NULL AUTO_INCREMENT;

--
-- AUTO_INCREMENT for table `cart`
--
ALTER TABLE `cart`
  MODIFY `id_cart` int(11) NOT NULL AUTO_INCREMENT;

--
-- AUTO_INCREMENT for table `histori`
--
ALTER TABLE `histori`
  MODIFY `id_histori` int(11) NOT NULL AUTO_INCREMENT;

--
-- AUTO_INCREMENT for table `kategori`
--
ALTER TABLE `kategori`
  MODIFY `id_kategori` int(11) NOT NULL AUTO_INCREMENT, AUTO_INCREMENT=5;

--
-- AUTO_INCREMENT for table `level`
--
ALTER TABLE `level`
  MODIFY `id_level` int(11) NOT NULL AUTO_INCREMENT, AUTO_INCREMENT=4;

--
-- AUTO_INCREMENT for table `produk`
--
ALTER TABLE `produk`
  MODIFY `id_produk` int(11) NOT NULL AUTO_INCREMENT, AUTO_INCREMENT=21;

--
-- AUTO_INCREMENT for table `transaksi`
--
ALTER TABLE `transaksi`
  MODIFY `id_transaksi` int(11) NOT NULL AUTO_INCREMENT;

--
-- AUTO_INCREMENT for table `user`
--
ALTER TABLE `user`
  MODIFY `id_user` int(11) NOT NULL AUTO_INCREMENT, AUTO_INCREMENT=4;

--
-- Ketidakleluasaan untuk tabel pelimpahan (Dumped Tables)
--

--
-- Ketidakleluasaan untuk tabel `barang`
--
ALTER TABLE `barang`
  ADD CONSTRAINT `barang_ibfk_1` FOREIGN KEY (`id_kategori`) REFERENCES `kategori` (`id_kategori`);

--
-- Ketidakleluasaan untuk tabel `cart`
--
ALTER TABLE `cart`
  ADD CONSTRAINT `cart_ibfk_1` FOREIGN KEY (`id_produk`) REFERENCES `produk` (`id_produk`);

--
-- Ketidakleluasaan untuk tabel `histori`
--
ALTER TABLE `histori`
  ADD CONSTRAINT `histori_ibfk_1` FOREIGN KEY (`id_transaksi`) REFERENCES `transaksi` (`id_transaksi`);

--
-- Ketidakleluasaan untuk tabel `kategori`
--
ALTER TABLE `kategori`
  ADD CONSTRAINT `kategori_ibfk_1` FOREIGN KEY (`id_kategori`) REFERENCES `produk` (`id_kategori`);

--
-- Ketidakleluasaan untuk tabel `produk`
--
ALTER TABLE `produk`
  ADD CONSTRAINT `produk_ibfk_1` FOREIGN KEY (`id_user`) REFERENCES `user` (`id_user`);

--
-- Ketidakleluasaan untuk tabel `transaksi`
--
ALTER TABLE `transaksi`
  ADD CONSTRAINT `transaksi_ibfk_1` FOREIGN KEY (`id_admin`) REFERENCES `user` (`id_user`),
  ADD CONSTRAINT `transaksi_ibfk_2` FOREIGN KEY (`id_barang`) REFERENCES `barang` (`id_barang`);

--
-- Ketidakleluasaan untuk tabel `user`
--
ALTER TABLE `user`
  ADD CONSTRAINT `user_ibfk_1` FOREIGN KEY (`id_level`) REFERENCES `level` (`id_level`);
COMMIT;

/*!40101 SET CHARACTER_SET_CLIENT=@OLD_CHARACTER_SET_CLIENT */;
/*!40101 SET CHARACTER_SET_RESULTS=@OLD_CHARACTER_SET_RESULTS */;
/*!40101 SET COLLATION_CONNECTION=@OLD_COLLATION_CONNECTION */;
